DATE,HOME_TEAM,HOME_SCORE,VISITOR_NAME,VISITOR_SCORE
2023-10-24,Denver Nuggets,119,Los Angeles Lakers,107
2023-10-24,Golden State Warriors,104,Phoenix Suns,108
2023-10-25,Orlando Magic,116,Houston Rockets,86
2023-10-25,New York Knicks,104,Boston Celtics,108
2023-10-25,Indiana Pacers,143,Washington Wizards,120
2023-10-25,Charlotte Hornets,116,Atlanta Hawks,110
2023-10-25,Miami Heat,103,Detroit Pistons,102
2023-10-25,Toronto Raptors,97,Minnesota Timberwolves,94
2023-10-25,Brooklyn Nets,113,Cleveland Cavaliers,114
2023-10-25,Memphis Grizzlies,104,New Orleans Pelicans,111
2023-10-25,Chicago Bulls,104,Oklahoma City Thunder,124
2023-10-25,Utah Jazz,114,Sacramento Kings,130
2023-10-25,San Antonio Spurs,119,Dallas Mavericks,126
2023-10-25,Los Angeles Clippers,123,Portland Trail Blazers,111
2023-10-26,Milwaukee Bucks,118,Philadelphia 76ers,117
2023-10-26,Los Angeles Lakers,100,Phoenix Suns,95
2023-10-27,Memphis Grizzlies,104,Denver Nuggets,108
2023-10-27,Charlotte Hornets,99,Detroit Pistons,111
2023-10-27,Atlanta Hawks,120,New York Knicks,126
2023-10-27,Cleveland Cavaliers,105,Oklahoma City Thunder,108
2023-10-27,Boston Celtics,119,Miami Heat,111
2023-10-27,Chicago Bulls,104,Toronto Raptors,103
2023-10-27,San Antonio Spurs,126,Houston Rockets,122
2023-10-27,Dallas Mavericks,125,Brooklyn Nets,120
2023-10-27,Utah Jazz,120,Los Angeles Clippers,118
2023-10-27,Portland Trail Blazers,97,Orlando Magic,102
2023-10-27,Sacramento Kings,114,Golden State Warriors,122
2023-10-28,Detroit Pistons,118,Chicago Bulls,102
2023-10-28,Washington Wizards,113,Memphis Grizzlies,106
2023-10-28,New Orleans Pelicans,96,New York Knicks,87
2023-10-28,Cleveland Cavaliers,113,Indiana Pacers,125
2023-10-28,Toronto Raptors,107,Philadelphia 76ers,114
2023-10-28,Minnesota Timberwolves,106,Miami Heat,90
2023-10-28,Phoenix Suns,126,Utah Jazz,104
2023-10-29,Oklahoma City Thunder,95,Denver Nuggets,128
2023-10-29,Houston Rockets,95,Golden State Warriors,106
2023-10-29,Milwaukee Bucks,110,Atlanta Hawks,127
2023-10-29,Philadelphia 76ers,126,Portland Trail Blazers,98
2023-10-29,Los Angeles Clippers,123,San Antonio Spurs,83
2023-10-29,Sacramento Kings,132,Los Angeles Lakers,127
2023-10-30,Indiana Pacers,105,Chicago Bulls,112
2023-10-30,Washington Wizards,107,Boston Celtics,126
2023-10-30,Charlotte Hornets,121,Brooklyn Nets,133
2023-10-30,Toronto Raptors,91,Portland Trail Blazers,99
2023-10-30,Atlanta Hawks,127,Minnesota Timberwolves,113
2023-10-30,Memphis Grizzlies,110,Dallas Mavericks,125
2023-10-30,Milwaukee Bucks,122,Miami Heat,114
2023-10-30,New Orleans Pelicans,102,Golden State Warriors,130
2023-10-30,Oklahoma City Thunder,124,Detroit Pistons,112
2023-10-30,Denver Nuggets,110,Utah Jazz,102
2023-10-30,Los Angeles Lakers,106,Orlando Magic,103
2023-10-31,Cleveland Cavaliers,91,New York Knicks,109
2023-10-31,Phoenix Suns,114,San Antonio Spurs,115
2023-10-31,Los Angeles Clippers,118,Orlando Magic,102
2023-11-01,Detroit Pistons,101,Portland Trail Blazers,110
2023-11-01,Toronto Raptors,130,Milwaukee Bucks,111
2023-11-01,Atlanta Hawks,130,Washington Wizards,121
2023-11-01,Boston Celtics,155,Indiana Pacers,104
2023-11-01,Miami Heat,105,Brooklyn Nets,109
2023-11-01,New York Knicks,89,Cleveland Cavaliers,95
2023-11-01,Oklahoma City Thunder,106,New Orleans Pelicans,110
2023-11-01,Houston Rockets,128,Charlotte Hornets,119
2023-11-01,Minnesota Timberwolves,110,Denver Nuggets,89
2023-11-01,Dallas Mavericks,114,Chicago Bulls,105
2023-11-01,Utah Jazz,133,Memphis Grizzlies,109
2023-11-01,Golden State Warriors,102,Sacramento Kings,101
2023-11-01,Los Angeles Lakers,130,Los Angeles Clippers,125
2023-11-02,Philadelphia 76ers,114,Toronto Raptors,99
2023-11-02,New Orleans Pelicans,125,Detroit Pistons,116
2023-11-02,Utah Jazz,113,Orlando Magic,115
2023-11-02,Phoenix Suns,121,San Antonio Spurs,132
2023-11-03,Indiana Pacers,121,Cleveland Cavaliers,116
2023-11-03,Milwaukee Bucks,110,New York Knicks,105
2023-11-03,Chicago Bulls,107,Brooklyn Nets,109
2023-11-03,Miami Heat,121,Washington Wizards,114
2023-11-03,Oklahoma City Thunder,139,Golden State Warriors,141
2023-11-03,Denver Nuggets,125,Dallas Mavericks,114
2023-11-03,Portland Trail Blazers,115,Memphis Grizzlies,113
2023-11-04,Philadelphia 76ers,112,Phoenix Suns,100
2023-11-04,Indiana Pacers,124,Charlotte Hornets,125
2023-11-04,New Orleans Pelicans,105,Atlanta Hawks,123
2023-11-04,Orlando Magic,120,Los Angeles Lakers,101
2023-11-04,Brooklyn Nets,114,Boston Celtics,124
2023-11-04,Houston Rockets,107,Sacramento Kings,89
2023-11-04,Minnesota Timberwolves,123,Utah Jazz,95
2023-11-04,Denver Nuggets,123,Chicago Bulls,101
2023-11-05,Detroit Pistons,106,Phoenix Suns,120
2023-11-05,San Antonio Spurs,116,Toronto Raptors,123
2023-11-05,Cleveland Cavaliers,115,Golden State Warriors,104
2023-11-05,Dallas Mavericks,124,Charlotte Hornets,118
2023-11-05,Portland Trail Blazers,100,Memphis Grizzlies,112
2023-11-06,Detroit Pistons,109,Golden State Warriors,120
2023-11-06,Indiana Pacers,152,San Antonio Spurs,111
2023-11-06,Orlando Magic,102,Dallas Mavericks,117
2023-11-06,Philadelphia 76ers,146,Washington Wizards,128
2023-11-06,Brooklyn Nets,125,Milwaukee Bucks,129
2023-11-06,Miami Heat,108,Los Angeles Lakers,107
2023-11-06,New York Knicks,111,Los Angeles Clippers,97
2023-11-06,Chicago Bulls,130,Utah Jazz,113
2023-11-06,Houston Rockets,122,Sacramento Kings,97
2023-11-06,Minnesota Timberwolves,114,Boston Celtics,109
2023-11-06,Oklahoma City Thunder,126,Atlanta Hawks,117
2023-11-06,Denver Nuggets,134,New Orleans Pelicans,116
2023-11-08,Charlotte Hornets,116,Washington Wizards,132
2023-11-08,Indiana Pacers,134,Utah Jazz,118
2023-11-08,Philadelphia 76ers,106,Boston Celtics,103
2023-11-08,Brooklyn Nets,100,Los Angeles Clippers,93
2023-11-08,New York Knicks,126,San Antonio Spurs,105
2023-11-08,Chicago Bulls,115,Phoenix Suns,116
2023-11-08,Houston Rockets,128,Los Angeles Lakers,94
2023-11-08,Memphis Grizzlies,102,Miami Heat,108
2023-11-08,Milwaukee Bucks,120,Detroit Pistons,118
2023-11-08,Minnesota Timberwolves,122,New Orleans Pelicans,101
2023-11-08,Oklahoma City Thunder,128,Cleveland Cavaliers,120
2023-11-08,Dallas Mavericks,116,Toronto Raptors,127
2023-11-08,Denver Nuggets,108,Golden State Warriors,105
2023-11-08,Sacramento Kings,121,Portland Trail Blazers,118
2023-11-09,Indiana Pacers,126,Milwaukee Bucks,124
2023-11-09,Orlando Magic,119,Atlanta Hawks,120
2023-11-10,Detroit Pistons,106,Philadelphia 76ers,114
2023-11-10,Washington Wizards,117,Charlotte Hornets,124
2023-11-10,Boston Celtics,121,Brooklyn Nets,107
2023-11-10,Houston Rockets,104,New Orleans Pelicans,101
2023-11-10,Memphis Grizzlies,121,Utah Jazz,127
2023-11-10,San Antonio Spurs,110,Minnesota Timberwolves,117
2023-11-10,Dallas Mavericks,144,Los Angeles Clippers,126
2023-11-10,Phoenix Suns,119,Los Angeles Lakers,122
2023-11-10,Sacramento Kings,105,Oklahoma City Thunder,98
2023-11-11,Orlando Magic,112,Milwaukee Bucks,97
2023-11-11,Boston Celtics,117,Toronto Raptors,94
2023-11-11,Atlanta Hawks,109,Miami Heat,117
2023-11-11,Golden State Warriors,110,Cleveland Cavaliers,118
2023-11-12,New York Knicks,129,Charlotte Hornets,107
2023-11-12,Brooklyn Nets,102,Washington Wizards,94
2023-11-12,Los Angeles Clippers,101,Memphis Grizzlies,105
2023-11-12,Philadelphia 76ers,137,Indiana Pacers,126
2023-11-12,Chicago Bulls,119,Detroit Pistons,108
2023-11-12,Houston Rockets,107,Denver Nuggets,104
2023-11-12,New Orleans Pelicans,124,Dallas Mavericks,136
2023-11-12,San Antonio Spurs,113,Miami Heat,118
2023-11-12,Phoenix Suns,99,Oklahoma City Thunder,111
2023-11-12,Golden State Warriors,110,Minnesota Timberwolves,116
2023-11-12,Los Angeles Lakers,116,Portland Trail Blazers,110
2023-11-13,Boston Celtics,114,New York Knicks,98
2023-11-13,Toronto Raptors,111,Washington Wizards,107
2023-11-13,Milwaukee Bucks,118,Chicago Bulls,109
2023-11-13,Sacramento Kings,132,Cleveland Cavaliers,120
2023-11-14,Charlotte Hornets,105,Miami Heat,111
2023-11-14,Detroit Pistons,120,Atlanta Hawks,126
2023-11-14,Philadelphia 76ers,126,Indiana Pacers,132
2023-11-14,Brooklyn Nets,124,Orlando Magic,104
2023-11-14,Oklahoma City Thunder,123,San Antonio Spurs,87
2023-11-14,New Orleans Pelicans,131,Dallas Mavericks,110
2023-11-14,Utah Jazz,115,Portland Trail Blazers,99
2023-11-14,Denver Nuggets,111,Los Angeles Clippers,108
2023-11-14,Golden State Warriors,101,Minnesota Timberwolves,104
2023-11-14,Los Angeles Lakers,134,Memphis Grizzlies,107
2023-11-15,Washington Wizards,117,Dallas Mavericks,130
2023-11-15,Atlanta Hawks,114,New York Knicks,116
2023-11-15,Philadelphia 76ers,107,Boston Celtics,117
2023-11-15,Toronto Raptors,112,Milwaukee Bucks,128
2023-11-15,Chicago Bulls,94,Orlando Magic,96
2023-11-15,Phoenix Suns,133,Minnesota Timberwolves,115
2023-11-15,Los Angeles Lakers,110,Sacramento Kings,125
2023-11-15,Portland Trail Blazers,95,Cleveland Cavaliers,109
2023-11-16,Miami Heat,122,Brooklyn Nets,115
2023-11-16,Golden State Warriors,109,Oklahoma City Thunder,128
2023-11-17,Charlotte Hornets,99,Milwaukee Bucks,130
2023-11-17,Washington Wizards,99,New York Knicks,120
2023-11-17,Atlanta Hawks,116,Philadelphia 76ers,126
2023-11-17,Cleveland Cavaliers,108,Detroit Pistons,100
2023-11-17,San Antonio Spurs,120,Sacramento Kings,129
2023-11-17,Toronto Raptors,105,Boston Celtics,108
2023-11-17,Chicago Bulls,97,Orlando Magic,103
2023-11-17,New Orleans Pelicans,115,Denver Nuggets,110
2023-11-17,Portland Trail Blazers,95,Los Angeles Lakers,107
2023-11-17,Utah Jazz,128,Phoenix Suns,131
2023-11-17,Los Angeles Clippers,106,Houston Rockets,100
2023-11-18,Charlotte Hornets,108,New York Knicks,122
2023-11-18,New Orleans Pelicans,120,Minnesota Timberwolves,121
2023-11-18,Chicago Bulls,102,Miami Heat,97
2023-11-18,Milwaukee Bucks,132,Dallas Mavericks,125
2023-11-18,San Antonio Spurs,108,Memphis Grizzlies,120
2023-11-18,Golden State Warriors,123,Oklahoma City Thunder,130
2023-11-19,Brooklyn Nets,99,Philadelphia 76ers,121
2023-11-19,Toronto Raptors,142,Detroit Pistons,113
2023-11-19,Indiana Pacers,116,Orlando Magic,128
2023-11-19,Cleveland Cavaliers,121,Denver Nuggets,109
2023-11-19,Dallas Mavericks,113,Sacramento Kings,129
2023-11-19,Memphis Grizzlies,100,Boston Celtics,102
2023-11-19,Utah Jazz,137,Phoenix Suns,140
2023-11-19,Portland Trail Blazers,91,Oklahoma City Thunder,134
2023-11-19,Los Angeles Lakers,105,Houston Rockets,104
2023-11-20,Charlotte Hornets,121,Boston Celtics,118
2023-11-20,Detroit Pistons,103,Denver Nuggets,107
2023-11-20,Washington Wizards,129,Milwaukee Bucks,142
2023-11-20,Chicago Bulls,100,Miami Heat,118
2023-11-20,Minnesota Timberwolves,117,New York Knicks,100
2023-11-20,New Orleans Pelicans,129,Sacramento Kings,93
2023-11-20,San Antonio Spurs,99,Los Angeles Clippers,124
2023-11-20,Golden State Warriors,121,Houston Rockets,116
2023-11-21,Orlando Magic,126,Toronto Raptors,107
2023-11-21,Atlanta Hawks,152,Indiana Pacers,157
2023-11-21,Philadelphia 76ers,119,Cleveland Cavaliers,122
2023-11-21,Phoenix Suns,120,Portland Trail Blazers,107
2023-11-21,Los Angeles Lakers,131,Utah Jazz,99
2023-11-22,Charlotte Hornets,117,Washington Wizards,114
2023-11-22,Orlando Magic,124,Denver Nuggets,119
2023-11-22,Atlanta Hawks,147,Brooklyn Nets,145
2023-11-22,Boston Celtics,119,Milwaukee Bucks,116
2023-11-22,Cleveland Cavaliers,96,Miami Heat,129
2023-11-22,Indiana Pacers,131,Toronto Raptors,132
2023-11-22,Houston Rockets,111,Memphis Grizzlies,91
2023-11-22,Minnesota Timberwolves,112,Philadelphia 76ers,99
2023-11-22,New Orleans Pelicans,117,Sacramento Kings,112
2023-11-22,Oklahoma City Thunder,116,Chicago Bulls,102
2023-11-22,San Antonio Spurs,102,Los Angeles Clippers,109
2023-11-22,Phoenix Suns,123,Golden State Warriors,115
2023-11-22,Portland Trail Blazers,121,Utah Jazz,105
2023-11-22,Los Angeles Lakers,101,Dallas Mavericks,104
2023-11-24,Orlando Magic,113,Boston Celtics,96
2023-11-24,Memphis Grizzlies,89,Phoenix Suns,110
2023-11-24,New York Knicks,100,Miami Heat,98
2023-11-24,Toronto Raptors,121,Chicago Bulls,108
2023-11-24,Houston Rockets,105,Denver Nuggets,86
2023-11-24,Indiana Pacers,136,Detroit Pistons,113
2023-11-24,Milwaukee Bucks,131,Washington Wizards,128
2023-11-24,Minnesota Timberwolves,111,Sacramento Kings,124
2023-11-24,Golden State Warriors,118,San Antonio Spurs,112
2023-11-24,Los Angeles Clippers,106,New Orleans Pelicans,116
2023-11-25,Oklahoma City Thunder,123,Philadelphia 76ers,127
2023-11-25,Brooklyn Nets,112,Miami Heat,97
2023-11-25,Washington Wizards,108,Atlanta Hawks,136
2023-11-25,Cleveland Cavaliers,115,Los Angeles Lakers,121
2023-11-25,Utah Jazz,105,New Orleans Pelicans,100
2023-11-25,Los Angeles Clippers,107,Dallas Mavericks,88
2023-11-26,Milwaukee Bucks,108,Portland Trail Blazers,102
2023-11-26,Boston Celtics,113,Atlanta Hawks,103
2023-11-26,Memphis Grizzlies,97,Minnesota Timberwolves,119
2023-11-26,New York Knicks,113,Phoenix Suns,116
2023-11-26,Orlando Magic,130,Charlotte Hornets,117
2023-11-26,Brooklyn Nets,118,Chicago Bulls,109
2023-11-26,Cleveland Cavaliers,105,Toronto Raptors,102
2023-11-26,Denver Nuggets,132,San Antonio Spurs,120
2023-11-27,Detroit Pistons,107,Washington Wizards,126
2023-11-27,Indiana Pacers,110,Portland Trail Blazers,114
2023-11-27,Philadelphia 76ers,138,Los Angeles Lakers,94
2023-11-27,Utah Jazz,114,New Orleans Pelicans,112
2023-11-27,Los Angeles Clippers,104,Denver Nuggets,113
2023-11-28,Boston Celtics,124,Chicago Bulls,97
2023-11-28,Brooklyn Nets,115,Toronto Raptors,103
2023-11-28,Cleveland Cavaliers,128,Atlanta Hawks,105
2023-11-28,Miami Heat,124,Milwaukee Bucks,131
2023-11-28,New York Knicks,115,Charlotte Hornets,91
2023-11-28,Minnesota Timberwolves,106,Oklahoma City Thunder,103
2023-11-28,Dallas Mavericks,121,Houston Rockets,115
2023-11-28,Sacramento Kings,124,Golden State Warriors,123
2023-11-29,Detroit Pistons,107,Los Angeles Lakers,133
2023-11-29,Orlando Magic,139,Washington Wizards,120
2023-11-29,Toronto Raptors,112,Phoenix Suns,105
2023-11-29,Memphis Grizzlies,105,Utah Jazz,91
2023-11-29,New Orleans Pelicans,124,Philadelphia 76ers,114
2023-11-29,Denver Nuggets,134,Houston Rockets,124
2023-11-29,Sacramento Kings,117,Los Angeles Clippers,131
2023-11-30,Cleveland Cavaliers,95,Portland Trail Blazers,103
2023-11-30,Brooklyn Nets,128,Charlotte Hornets,129
2023-11-30,Miami Heat,142,Indiana Pacers,132
2023-11-30,New York Knicks,118,Detroit Pistons,112
2023-11-30,Chicago Bulls,120,Milwaukee Bucks,113
2023-11-30,Minnesota Timberwolves,101,Utah Jazz,90
2023-11-30,Oklahoma City Thunder,133,Los Angeles Lakers,110
2023-11-30,San Antonio Spurs,135,Atlanta Hawks,137
2023-11-30,Golden State Warriors,120,Los Angeles Clippers,114
2023-12-01,Orlando Magic,130,Washington Wizards,125
2023-12-01,Boston Celtics,125,Philadelphia 76ers,119
2023-12-01,Dallas Mavericks,94,Memphis Grizzlies,108
2023-12-01,Toronto Raptors,106,New York Knicks,119
2023-12-01,New Orleans Pelicans,121,San Antonio Spurs,106
2023-12-01,Phoenix Suns,111,Denver Nuggets,119
2023-12-02,Los Angeles Clippers,113,Golden State Warriors,112
2023-12-02,Charlotte Hornets,117,Minnesota Timberwolves,123
2023-12-02,Brooklyn Nets,129,Orlando Magic,101
2023-12-02,Detroit Pistons,101,Cleveland Cavaliers,110
2023-12-02,Chicago Bulls,124,New Orleans Pelicans,118
2023-12-02,Miami Heat,129,Indiana Pacers,144
2023-12-02,Milwaukee Bucks,132,Atlanta Hawks,121
2023-12-02,Dallas Mavericks,120,Oklahoma City Thunder,126
2023-12-02,Phoenix Suns,116,Memphis Grizzlies,109
2023-12-02,Utah Jazz,118,Portland Trail Blazers,113
2023-12-02,Sacramento Kings,123,Denver Nuggets,117
2023-12-02,Los Angeles Lakers,107,Houston Rockets,97
2023-12-04,Indiana Pacers,122,Boston Celtics,112
2023-12-04,Sacramento Kings,117,New Orleans Pelicans,127
2023-12-05,Milwaukee Bucks,146,New York Knicks,122
2023-12-05,Los Angeles Lakers,106,Phoenix Suns,103
2023-12-06,Cleveland Cavaliers,121,Orlando Magic,111
2023-12-06,Detroit Pistons,102,Memphis Grizzlies,116
2023-12-06,Washington Wizards,126,Philadelphia 76ers,131
2023-12-06,Atlanta Hawks,113,Brooklyn Nets,114
2023-12-06,Minnesota Timberwolves,102,San Antonio Spurs,94
2023-12-06,Toronto Raptors,103,Miami Heat,112
2023-12-06,Chicago Bulls,111,Charlotte Hornets,100
2023-12-06,Houston Rockets,110,Oklahoma City Thunder,101
2023-12-06,Dallas Mavericks,147,Utah Jazz,97
2023-12-06,Golden State Warriors,110,Portland Trail Blazers,106
2023-12-06,Los Angeles Clippers,111,Denver Nuggets,102
2023-12-07,Milwaukee Bucks,119,Indiana Pacers,128
2023-12-07,Los Angeles Lakers,133,New Orleans Pelicans,89
2023-12-08,Charlotte Hornets,119,Toronto Raptors,116
2023-12-08,Orlando Magic,123,Detroit Pistons,91
2023-12-08,Philadelphia 76ers,125,Atlanta Hawks,114
2023-12-08,Boston Celtics,133,New York Knicks,123
2023-12-08,Brooklyn Nets,124,Washington Wizards,97
2023-12-08,Memphis Grizzlies,103,Minnesota Timberwolves,127
2023-12-08,Miami Heat,99,Cleveland Cavaliers,111
2023-12-08,Oklahoma City Thunder,138,Golden State Warriors,136
2023-12-08,San Antonio Spurs,112,Chicago Bulls,121
2023-12-08,Denver Nuggets,106,Houston Rockets,114
2023-12-08,Phoenix Suns,106,Sacramento Kings,114
2023-12-08,Portland Trail Blazers,112,Dallas Mavericks,125
2023-12-08,Utah Jazz,103,Los Angeles Clippers,117
2023-12-09,Los Angeles Lakers,123,Indiana Pacers,109
2023-12-11,Charlotte Hornets,114,Miami Heat,116
2023-12-11,Detroit Pistons,123,Indiana Pacers,131
2023-12-11,Orlando Magic,104,Cleveland Cavaliers,94
2023-12-11,Philadelphia 76ers,146,Washington Wizards,101
2023-12-11,Atlanta Hawks,122,Denver Nuggets,129
2023-12-11,New York Knicks,136,Toronto Raptors,130
2023-12-11,Houston Rockets,93,San Antonio Spurs,82
2023-12-11,Memphis Grizzlies,113,Dallas Mavericks,120
2023-12-11,Milwaukee Bucks,133,Chicago Bulls,129
2023-12-11,New Orleans Pelicans,121,Minnesota Timberwolves,107
2023-12-11,Oklahoma City Thunder,134,Utah Jazz,120
2023-12-11,Sacramento Kings,131,Brooklyn Nets,118
2023-12-11,Los Angeles Clippers,132,Portland Trail Blazers,127
2023-12-12,Boston Celtics,120,Cleveland Cavaliers,113
2023-12-12,Dallas Mavericks,127,Los Angeles Lakers,125
2023-12-12,Chicago Bulls,106,Denver Nuggets,114
2023-12-12,Phoenix Suns,119,Golden State Warriors,116
2023-12-12,Los Angeles Clippers,119,Sacramento Kings,99
2023-12-13,Detroit Pistons,111,Philadelphia 76ers,129
2023-12-13,Washington Wizards,122,New Orleans Pelicans,142
2023-12-13,Miami Heat,115,Charlotte Hornets,104
2023-12-13,Toronto Raptors,135,Atlanta Hawks,128
2023-12-13,Houston Rockets,117,Memphis Grizzlies,104
2023-12-13,Milwaukee Bucks,140,Indiana Pacers,126
2023-12-13,San Antonio Spurs,119,Los Angeles Lakers,122
2023-12-13,Phoenix Suns,112,Brooklyn Nets,116
2023-12-13,Utah Jazz,117,New York Knicks,113
2023-12-14,Boston Celtics,116,Cleveland Cavaliers,107
2023-12-14,Miami Heat,116,Chicago Bulls,124
2023-12-14,Dallas Mavericks,101,Minnesota Timberwolves,119
2023-12-14,Denver Nuggets,124,Brooklyn Nets,101
2023-12-14,Portland Trail Blazers,114,Utah Jazz,122
2023-12-14,Sacramento Kings,128,Oklahoma City Thunder,123
2023-12-14,Los Angeles Clippers,121,Golden State Warriors,113
2023-12-15,Charlotte Hornets,107,New Orleans Pelicans,112
2023-12-15,Philadelphia 76ers,124,Detroit Pistons,92
2023-12-15,Washington Wizards,137,Indiana Pacers,123
2023-12-15,Boston Celtics,128,Orlando Magic,111
2023-12-15,San Antonio Spurs,129,Los Angeles Lakers,115
2023-12-15,Toronto Raptors,104,Atlanta Hawks,125
2023-12-15,Memphis Grizzlies,96,Houston Rockets,103
2023-12-15,Phoenix Suns,122,New York Knicks,139
2023-12-16,Milwaukee Bucks,146,Detroit Pistons,114
2023-12-16,Charlotte Hornets,82,Philadelphia 76ers,135
2023-12-16,Cleveland Cavaliers,127,Atlanta Hawks,119
2023-12-16,Miami Heat,118,Chicago Bulls,116
2023-12-16,Minnesota Timberwolves,127,Indiana Pacers,109
2023-12-16,Golden State Warriors,124,Brooklyn Nets,120
2023-12-16,Denver Nuggets,117,Oklahoma City Thunder,118
2023-12-16,Portland Trail Blazers,120,Dallas Mavericks,131
2023-12-16,Sacramento Kings,125,Utah Jazz,104
2023-12-16,Los Angeles Clippers,144,New York Knicks,122
2023-12-17,Boston Celtics,114,Orlando Magic,97
2023-12-17,San Antonio Spurs,110,New Orleans Pelicans,146
2023-12-17,Milwaukee Bucks,128,Houston Rockets,119
2023-12-17,Phoenix Suns,112,Washington Wizards,108
2023-12-17,Portland Trail Blazers,114,Golden State Warriors,118
2023-12-18,Cleveland Cavaliers,135,Houston Rockets,130
2023-12-18,Indiana Pacers,127,Los Angeles Clippers,151
2023-12-18,Philadelphia 76ers,104,Chicago Bulls,108
2023-12-18,Atlanta Hawks,130,Detroit Pistons,124
2023-12-18,Miami Heat,108,Minnesota Timberwolves,112
2023-12-18,Toronto Raptors,114,Charlotte Hornets,99
2023-12-18,Oklahoma City Thunder,116,Memphis Grizzlies,97
2023-12-18,Denver Nuggets,130,Dallas Mavericks,104
2023-12-18,Utah Jazz,125,Brooklyn Nets,108
2023-12-18,Sacramento Kings,143,Washington Wizards,131
2023-12-18,Los Angeles Lakers,109,New York Knicks,114
2023-12-19,New Orleans Pelicans,113,Memphis Grizzlies,115
2023-12-19,Milwaukee Bucks,132,San Antonio Spurs,119
2023-12-19,Golden State Warriors,132,Boston Celtics,126
2023-12-19,Portland Trail Blazers,109,Phoenix Suns,104
2023-12-20,Cleveland Cavaliers,124,Utah Jazz,116
2023-12-20,Indiana Pacers,144,Charlotte Hornets,113
2023-12-20,Orlando Magic,106,Miami Heat,115
2023-12-20,Philadelphia 76ers,127,Minnesota Timberwolves,113
2023-12-20,Brooklyn Nets,102,New York Knicks,121
2023-12-20,Toronto Raptors,104,Denver Nuggets,113
2023-12-20,Chicago Bulls,124,Los Angeles Lakers,108
2023-12-20,Houston Rockets,127,Atlanta Hawks,134
2023-12-20,Dallas Mavericks,111,Los Angeles Clippers,120
2023-12-20,Sacramento Kings,119,Boston Celtics,144
2023-12-21,Detroit Pistons,111,Utah Jazz,119
2023-12-21,Cleveland Cavaliers,104,New Orleans Pelicans,123
2023-12-21,Chicago Bulls,114,San Antonio Spurs,95
2023-12-21,Memphis Grizzlies,116,Indiana Pacers,103
2023-12-21,Milwaukee Bucks,118,Orlando Magic,114
2023-12-21,Oklahoma City Thunder,134,Los Angeles Clippers,115
2023-12-21,Minnesota Timberwolves,118,Los Angeles Lakers,111
2023-12-21,Portland Trail Blazers,117,Washington Wizards,118
2023-12-22,Philadelphia 76ers,121,Toronto Raptors,111
2023-12-22,Brooklyn Nets,117,Denver Nuggets,122
2023-12-22,Houston Rockets,122,Dallas Mavericks,96
2023-12-22,Miami Heat,122,Atlanta Hawks,113
2023-12-22,Golden State Warriors,129,Washington Wizards,118
2023-12-22,Sacramento Kings,120,Phoenix Suns,105
2023-12-23,New York Knicks,111,Milwaukee Bucks,130
2023-12-23,Los Angeles Clippers,108,Boston Celtics,145
2023-12-23,Charlotte Hornets,95,Denver Nuggets,102
2023-12-23,Indiana Pacers,110,Orlando Magic,117
2023-12-23,New Orleans Pelicans,104,Houston Rockets,106
2023-12-23,Atlanta Hawks,119,Memphis Grizzlies,125
2023-12-23,Brooklyn Nets,126,Detroit Pistons,115
2023-12-23,Toronto Raptors,119,Utah Jazz,126
2023-12-23,Chicago Bulls,95,Cleveland Cavaliers,109
2023-12-23,Oklahoma City Thunder,120,Los Angeles Lakers,129
2023-12-23,Dallas Mavericks,144,San Antonio Spurs,119
2023-12-23,Golden State Warriors,126,Portland Trail Blazers,106
2023-12-23,Sacramento Kings,98,Minnesota Timberwolves,110
2023-12-25,New York Knicks,129,Milwaukee Bucks,122
2023-12-25,Denver Nuggets,120,Golden State Warriors,114
2023-12-25,Los Angeles Lakers,115,Boston Celtics,126
2023-12-25,Miami Heat,119,Philadelphia 76ers,113
2023-12-25,Phoenix Suns,114,Dallas Mavericks,128
2023-12-26,Detroit Pistons,112,Brooklyn Nets,118
2023-12-26,Washington Wizards,119,Orlando Magic,127
2023-12-26,Chicago Bulls,118,Atlanta Hawks,113
2023-12-26,Houston Rockets,117,Indiana Pacers,123
2023-12-26,New Orleans Pelicans,115,Memphis Grizzlies,116
2023-12-26,Oklahoma City Thunder,129,Minnesota Timberwolves,106
2023-12-26,San Antonio Spurs,118,Utah Jazz,130
2023-12-26,Portland Trail Blazers,130,Sacramento Kings,113
2023-12-26,Los Angeles Clippers,113,Charlotte Hornets,104
2023-12-27,Orlando Magic,92,Philadelphia 76ers,112
2023-12-27,Washington Wizards,102,Toronto Raptors,132
2023-12-27,Brooklyn Nets,122,Milwaukee Bucks,144
2023-12-27,Houston Rockets,113,Phoenix Suns,129
2023-12-27,Oklahoma City Thunder,129,New York Knicks,120
2023-12-27,Dallas Mavericks,110,Cleveland Cavaliers,113
2023-12-28,Boston Celtics,128,Detroit Pistons,122
2023-12-28,Chicago Bulls,104,Indiana Pacers,120
2023-12-28,Minnesota Timberwolves,118,Dallas Mavericks,110
2023-12-28,New Orleans Pelicans,112,Utah Jazz,105
2023-12-28,Denver Nuggets,142,Memphis Grizzlies,105
2023-12-28,Golden State Warriors,102,Miami Heat,114
2023-12-28,Portland Trail Blazers,105,San Antonio Spurs,118
2023-12-28,Los Angeles Lakers,133,Charlotte Hornets,112
2023-12-29,Orlando Magic,117,New York Knicks,108
2023-12-29,Washington Wizards,110,Brooklyn Nets,104
2023-12-29,Atlanta Hawks,110,Sacramento Kings,117
2023-12-29,Boston Celtics,120,Toronto Raptors,118
2023-12-29,Cleveland Cavaliers,111,Milwaukee Bucks,119
2023-12-29,Houston Rockets,127,Philadelphia 76ers,131
2023-12-29,Denver Nuggets,93,Oklahoma City Thunder,119
2023-12-29,Phoenix Suns,133,Charlotte Hornets,119
2023-12-29,Portland Trail Blazers,134,San Antonio Spurs,128
2023-12-29,Los Angeles Clippers,117,Memphis Grizzlies,106
2023-12-30,Utah Jazz,117,Miami Heat,109
2023-12-30,Detroit Pistons,129,Toronto Raptors,127
2023-12-30,Indiana Pacers,140,New York Knicks,126
2023-12-30,Chicago Bulls,105,Philadelphia 76ers,92
2023-12-30,Minnesota Timberwolves,108,Los Angeles Lakers,106
2023-12-30,Golden State Warriors,122,Dallas Mavericks,132
2023-12-31,Washington Wizards,126,Atlanta Hawks,130
2023-12-31,New Orleans Pelicans,129,Los Angeles Lakers,109
2023-12-31,Oklahoma City Thunder,124,Brooklyn Nets,108
2023-12-31,San Antonio Spurs,101,Boston Celtics,134
2023-12-31,Memphis Grizzlies,92,Sacramento Kings,123
2023-12-31,Phoenix Suns,112,Orlando Magic,107
2024-01-01,New York Knicks,112,Minnesota Timberwolves,106
2024-01-01,Toronto Raptors,124,Cleveland Cavaliers,121
2024-01-01,Houston Rockets,136,Detroit Pistons,113
2024-01-01,Milwaukee Bucks,113,Indiana Pacers,122
2024-01-01,Denver Nuggets,111,Charlotte Hornets,93
2024-01-01,Phoenix Suns,109,Portland Trail Blazers,88
2024-01-01,Utah Jazz,127,Dallas Mavericks,90
2024-01-01,Los Angeles Clippers,121,Miami Heat,104
2024-01-02,Philadelphia 76ers,110,Chicago Bulls,97
2024-01-02,Memphis Grizzlies,106,San Antonio Spurs,98
2024-01-02,New Orleans Pelicans,112,Brooklyn Nets,85
2024-01-02,Oklahoma City Thunder,127,Boston Celtics,123
2024-01-02,Golden State Warriors,121,Orlando Magic,115
2024-01-02,Sacramento Kings,104,Charlotte Hornets,111
2024-01-03,Cleveland Cavaliers,140,Washington Wizards,101
2024-01-03,Indiana Pacers,142,Milwaukee Bucks,130
2024-01-03,Atlanta Hawks,141,Oklahoma City Thunder,138
2024-01-03,Houston Rockets,112,Brooklyn Nets,101
2024-01-03,Memphis Grizzlies,111,Toronto Raptors,116
2024-01-03,Minnesota Timberwolves,106,New Orleans Pelicans,117
2024-01-03,Dallas Mavericks,126,Portland Trail Blazers,97
2024-01-03,New York Knicks,116,Chicago Bulls,100
2024-01-03,Phoenix Suns,122,Los Angeles Clippers,131
2024-01-03,Utah Jazz,154,Detroit Pistons,148
2024-01-03,Los Angeles Lakers,96,Miami Heat,110
2024-01-03,Sacramento Kings,138,Orlando Magic,135
2024-01-04,San Antonio Spurs,121,Milwaukee Bucks,125
2024-01-04,Golden State Warriors,127,Denver Nuggets,130
2024-01-05,Boston Celtics,126,Utah Jazz,97
2024-01-05,Indiana Pacers,150,Atlanta Hawks,116
2024-01-05,Brooklyn Nets,124,Oklahoma City Thunder,115
2024-01-05,Cleveland Cavaliers,114,Washington Wizards,90
2024-01-05,Philadelphia 76ers,92,New York Knicks,128
2024-01-05,Chicago Bulls,104,Charlotte Hornets,91
2024-01-05,Houston Rockets,95,Minnesota Timberwolves,122
2024-01-05,New Orleans Pelicans,95,Los Angeles Clippers,111
2024-01-05,Dallas Mavericks,139,Portland Trail Blazers,103
2024-01-05,Denver Nuggets,120,Orlando Magic,122
2024-01-05,Phoenix Suns,113,Miami Heat,97
2024-01-05,Golden State Warriors,113,Detroit Pistons,109
2024-01-05,Los Angeles Lakers,113,Memphis Grizzlies,127
2024-01-05,Sacramento Kings,135,Toronto Raptors,130
2024-01-06,Indiana Pacers,101,Boston Celtics,118
2024-01-06,Washington Wizards,105,New York Knicks,121
2024-01-06,Philadelphia 76ers,109,Utah Jazz,120
2024-01-06,Houston Rockets,112,Milwaukee Bucks,108
2024-01-07,Cleveland Cavaliers,117,San Antonio Spurs,115
2024-01-07,Brooklyn Nets,127,Portland Trail Blazers,134
2024-01-07,Orlando Magic,117,Atlanta Hawks,110
2024-01-07,Sacramento Kings,100,New Orleans Pelicans,133
2024-01-07,Dallas Mavericks,115,Minnesota Timberwolves,108
2024-01-07,Denver Nuggets,131,Detroit Pistons,114
2024-01-07,Phoenix Suns,115,Memphis Grizzlies,121
2024-01-07,Golden State Warriors,118,Toronto Raptors,133
2024-01-07,Los Angeles Lakers,106,Los Angeles Clippers,103
2024-01-08,Charlotte Hornets,112,Chicago Bulls,119
2024-01-08,Indiana Pacers,133,Boston Celtics,131
2024-01-08,Washington Wizards,128,Oklahoma City Thunder,136
2024-01-08,Miami Heat,120,Houston Rockets,113
2024-01-08,Milwaukee Bucks,116,Utah Jazz,132
2024-01-08,Los Angeles Clippers,138,Phoenix Suns,111
2024-01-09,Detroit Pistons,110,Sacramento Kings,131
2024-01-09,Orlando Magic,92,Minnesota Timberwolves,113
2024-01-09,New York Knicks,112,Portland Trail Blazers,84
2024-01-09,Dallas Mavericks,103,Memphis Grizzlies,120
2024-01-09,Los Angeles Lakers,132,Toronto Raptors,131
2024-01-10,Boston Celtics,127,Minnesota Timberwolves,120
2024-01-10,Charlotte Hornets,98,Sacramento Kings,123
2024-01-10,Detroit Pistons,108,San Antonio Spurs,130
2024-01-10,Indiana Pacers,112,Washington Wizards,104
2024-01-10,Atlanta Hawks,139,Philadelphia 76ers,132
2024-01-10,Miami Heat,120,Oklahoma City Thunder,128
2024-01-10,Chicago Bulls,124,Houston Rockets,119
2024-01-10,Golden State Warriors,105,New Orleans Pelicans,141
2024-01-10,Utah Jazz,124,Denver Nuggets,111
2024-01-10,Los Angeles Clippers,126,Toronto Raptors,120
2024-01-11,Cleveland Cavaliers,111,Brooklyn Nets,102
2024-01-11,Milwaukee Bucks,135,Boston Celtics,102
2024-01-11,Oklahoma City Thunder,139,Portland Trail Blazers,77
2024-01-11,Dallas Mavericks,128,New York Knicks,124
2024-01-11,Los Angeles Lakers,109,Phoenix Suns,127
2024-01-12,Atlanta Hawks,108,Indiana Pacers,126
2024-01-12,Detroit Pistons,110,Houston Rockets,112
2024-01-12,Philadelphia 76ers,112,Sacramento Kings,93
2024-01-12,Chicago Bulls,131,Golden State Warriors,140
2024-01-12,Memphis Grizzlies,119,Los Angeles Clippers,128
2024-01-12,Miami Heat,99,Orlando Magic,96
2024-01-12,Minnesota Timberwolves,116,Portland Trail Blazers,93
2024-01-12,San Antonio Spurs,135,Charlotte Hornets,99
2024-01-12,Utah Jazz,145,Toronto Raptors,113
2024-01-12,Denver Nuggets,125,New Orleans Pelicans,113
2024-01-13,Boston Celtics,145,Houston Rockets,113
2024-01-13,Atlanta Hawks,99,Washington Wizards,127
2024-01-13,Memphis Grizzlies,94,New York Knicks,106
2024-01-13,Milwaukee Bucks,129,Golden State Warriors,118
2024-01-13,Oklahoma City Thunder,112,Orlando Magic,100
2024-01-13,Dallas Mavericks,108,New Orleans Pelicans,118
2024-01-13,San Antonio Spurs,116,Chicago Bulls,122
2024-01-13,Utah Jazz,132,Los Angeles Lakers,125
2024-01-14,Denver Nuggets,117,Indiana Pacers,109
2024-01-14,Miami Heat,104,Charlotte Hornets,87
2024-01-14,Milwaukee Bucks,143,Sacramento Kings,142
2024-01-14,Minnesota Timberwolves,109,Los Angeles Clippers,105
2024-01-14,Portland Trail Blazers,116,Phoenix Suns,127
2024-01-15,Philadelphia 76ers,124,Houston Rockets,115
2024-01-15,Dallas Mavericks,125,New Orleans Pelicans,120
2024-01-15,New York Knicks,94,Orlando Magic,98
2024-01-15,Washington Wizards,117,Detroit Pistons,129
2024-01-15,Atlanta Hawks,109,San Antonio Spurs,99
2024-01-15,Memphis Grizzlies,116,Golden State Warriors,107
2024-01-15,Cleveland Cavaliers,109,Chicago Bulls,91
2024-01-15,Brooklyn Nets,95,Miami Heat,96
2024-01-15,Toronto Raptors,96,Boston Celtics,105
2024-01-15,Utah Jazz,132,Indiana Pacers,105
2024-01-15,Los Angeles Lakers,112,Oklahoma City Thunder,105
2024-01-16,Philadelphia 76ers,126,Denver Nuggets,121
2024-01-16,Phoenix Suns,119,Sacramento Kings,117
2024-01-16,Los Angeles Clippers,128,Oklahoma City Thunder,117
2024-01-17,Detroit Pistons,117,Minnesota Timberwolves,124
2024-01-17,Atlanta Hawks,106,Orlando Magic,104
2024-01-17,Boston Celtics,117,San Antonio Spurs,98
2024-01-17,Cleveland Cavaliers,135,Milwaukee Bucks,95
2024-01-17,New York Knicks,109,Houston Rockets,94
2024-01-17,Toronto Raptors,121,Miami Heat,97
2024-01-17,New Orleans Pelicans,132,Charlotte Hornets,112
2024-01-17,Los Angeles Lakers,127,Dallas Mavericks,110
2024-01-17,Portland Trail Blazers,105,Brooklyn Nets,103
2024-01-18,New York Knicks,113,Washington Wizards,109
2024-01-18,Toronto Raptors,110,Chicago Bulls,116
2024-01-18,Utah Jazz,129,Oklahoma City Thunder,134
2024-01-18,Minnesota Timberwolves,118,Memphis Grizzlies,103
2024-01-18,Sacramento Kings,121,Indiana Pacers,126
2024-01-19,Charlotte Hornets,124,San Antonio Spurs,120
2024-01-19,Orlando Magic,109,Philadelphia 76ers,124
2024-01-19,Boston Celtics,100,Denver Nuggets,102
2024-01-19,Miami Heat,108,Atlanta Hawks,109
2024-01-19,New Orleans Pelicans,109,Phoenix Suns,123
2024-01-19,Portland Trail Blazers,118,Indiana Pacers,115
2024-01-19,Los Angeles Lakers,112,Brooklyn Nets,130
2024-01-20,Detroit Pistons,135,Milwaukee Bucks,141
2024-01-20,Charlotte Hornets,89,Philadelphia 76ers,97
2024-01-20,Washington Wizards,127,San Antonio Spurs,131
2024-01-20,Atlanta Hawks,95,Cleveland Cavaliers,116
2024-01-20,New York Knicks,126,Toronto Raptors,100
2024-01-20,Chicago Bulls,125,Memphis Grizzlies,96
2024-01-20,Houston Rockets,127,Utah Jazz,126
2024-01-20,Minnesota Timberwolves,97,Oklahoma City Thunder,102
2024-01-21,Los Angeles Clippers,125,Brooklyn Nets,114
2024-01-21,Orlando Magic,105,Miami Heat,87
2024-01-21,Washington Wizards,104,Denver Nuggets,113
2024-01-21,Houston Rockets,107,Boston Celtics,116
2024-01-21,Phoenix Suns,117,Indiana Pacers,110
2024-01-21,Los Angeles Lakers,134,Portland Trail Blazers,110
2024-01-22,Detroit Pistons,113,Milwaukee Bucks,122
2024-01-22,Orlando Magic,99,Cleveland Cavaliers,126
2024-01-22,Philadelphia 76ers,133,San Antonio Spurs,123
2024-01-22,Toronto Raptors,100,Memphis Grizzlies,108
2024-01-22,Minnesota Timberwolves,125,Charlotte Hornets,128
2024-01-22,Dallas Mavericks,110,Boston Celtics,119
2024-01-22,Phoenix Suns,115,Chicago Bulls,113
2024-01-22,Sacramento Kings,122,Atlanta Hawks,107
2024-01-23,Indiana Pacers,109,Denver Nuggets,114
2024-01-23,Brooklyn Nets,103,New York Knicks,108
2024-01-23,New Orleans Pelicans,153,Utah Jazz,124
2024-01-23,Oklahoma City Thunder,111,Portland Trail Blazers,109
2024-01-23,Los Angeles Clippers,127,Los Angeles Lakers,116
2024-01-24,Detroit Pistons,113,Charlotte Hornets,106
2024-01-24,Washington Wizards,107,Minnesota Timberwolves,118
2024-01-24,Miami Heat,96,Memphis Grizzlies,105
2024-01-24,Houston Rockets,131,Portland Trail Blazers,137
2024-01-24,Milwaukee Bucks,126,Cleveland Cavaliers,116
2024-01-24,Dallas Mavericks,109,Phoenix Suns,132
2024-01-24,San Antonio Spurs,114,Oklahoma City Thunder,140
2024-01-24,Golden State Warriors,134,Atlanta Hawks,112
2024-01-25,Indiana Pacers,134,Philadelphia 76ers,122
2024-01-25,Washington Wizards,108,Utah Jazz,123
2024-01-25,Brooklyn Nets,94,Minnesota Timberwolves,96
2024-01-25,Miami Heat,110,Boston Celtics,143
2024-01-25,New York Knicks,122,Denver Nuggets,84
2024-01-25,Golden State Warriors,133,Sacramento Kings,134
2024-01-25,Los Angeles Lakers,141,Chicago Bulls,132
2024-01-26,Atlanta Hawks,143,Dallas Mavericks,148
2024-01-26,Charlotte Hornets,104,Houston Rockets,138
2024-01-26,Indiana Pacers,133,Phoenix Suns,131
2024-01-26,Toronto Raptors,107,Los Angeles Clippers,127
2024-01-26,Memphis Grizzlies,107,Orlando Magic,106
2024-01-26,Milwaukee Bucks,100,Cleveland Cavaliers,112
2024-01-26,New Orleans Pelicans,83,Oklahoma City Thunder,107
2024-01-26,San Antonio Spurs,116,Portland Trail Blazers,100
2024-01-27,Detroit Pistons,104,Washington Wizards,118
2024-01-27,New York Knicks,125,Miami Heat,109
2024-01-27,Denver Nuggets,111,Philadelphia 76ers,105
2024-01-27,Brooklyn Nets,106,Houston Rockets,104
2024-01-27,Boston Celtics,96,Los Angeles Clippers,115
2024-01-27,Charlotte Hornets,122,Utah Jazz,134
2024-01-27,Milwaukee Bucks,141,New Orleans Pelicans,117
2024-01-27,Golden State Warriors,144,Los Angeles Lakers,145
2024-01-27,San Antonio Spurs,113,Minnesota Timberwolves,112
2024-01-27,Dallas Mavericks,115,Sacramento Kings,120
2024-01-28,Detroit Pistons,120,Oklahoma City Thunder,104
2024-01-28,Indiana Pacers,116,Memphis Grizzlies,110
2024-01-28,Atlanta Hawks,126,Toronto Raptors,125
2024-01-28,Orlando Magic,113,Phoenix Suns,98
2024-01-28,Portland Trail Blazers,96,Chicago Bulls,104
2024-01-29,Charlotte Hornets,92,New York Knicks,113
2024-01-29,Cleveland Cavaliers,118,Los Angeles Clippers,108
2024-01-29,Boston Celtics,118,New Orleans Pelicans,112
2024-01-29,Brooklyn Nets,147,Utah Jazz,114
2024-01-29,Miami Heat,105,Phoenix Suns,118
2024-01-29,Houston Rockets,135,Los Angeles Lakers,119
2024-01-29,Memphis Grizzlies,94,Sacramento Kings,103
2024-01-29,Oklahoma City Thunder,101,Minnesota Timberwolves,107
2024-01-29,San Antonio Spurs,113,Washington Wizards,118
2024-01-29,Dallas Mavericks,131,Orlando Magic,129
2024-01-29,Denver Nuggets,113,Milwaukee Bucks,107
2024-01-29,Portland Trail Blazers,130,Philadelphia 76ers,104
2024-01-30,Atlanta Hawks,138,Los Angeles Lakers,122
2024-01-30,Boston Celtics,129,Indiana Pacers,124
2024-01-30,New York Knicks,118,Utah Jazz,103
2024-01-30,Chicago Bulls,107,Toronto Raptors,118
2024-01-30,Golden State Warriors,119,Philadelphia 76ers,107
2024-01-31,Charlotte Hornets,110,Chicago Bulls,117
2024-01-31,Cleveland Cavaliers,128,Detroit Pistons,121
2024-01-31,Washington Wizards,109,Los Angeles Clippers,125
2024-01-31,Miami Heat,115,Sacramento Kings,106
2024-01-31,Houston Rockets,99,New Orleans Pelicans,110
2024-01-31,Minnesota Timberwolves,121,Dallas Mavericks,87
2024-01-31,Oklahoma City Thunder,105,Denver Nuggets,100
2024-01-31,San Antonio Spurs,98,Orlando Magic,108
2024-01-31,Brooklyn Nets,120,Phoenix Suns,136
2024-01-31,Portland Trail Blazers,119,Milwaukee Bucks,116
2024-02-01,Boston Celtics,105,Los Angeles Lakers,114
2024-02-01,New York Knicks,109,Indiana Pacers,105
2024-02-01,Memphis Grizzlies,101,Cleveland Cavaliers,108
2024-02-01,Utah Jazz,124,Philadelphia 76ers,127
2024-02-02,Detroit Pistons,125,Los Angeles Clippers,136
2024-02-02,Washington Wizards,102,Miami Heat,110
2024-02-02,Atlanta Hawks,129,Phoenix Suns,120
2024-02-02,Indiana Pacers,122,Sacramento Kings,133
2024-02-02,Houston Rockets,135,Toronto Raptors,106
2024-02-02,Memphis Grizzlies,101,Golden State Warriors,121
2024-02-02,Minnesota Timberwolves,106,Orlando Magic,108
2024-02-02,Oklahoma City Thunder,126,Charlotte Hornets,106
2024-02-02,San Antonio Spurs,113,New Orleans Pelicans,114
2024-02-02,Denver Nuggets,120,Portland Trail Blazers,108
2024-02-03,Philadelphia 76ers,121,Brooklyn Nets,136
2024-02-03,Atlanta Hawks,141,Golden State Warriors,134
2024-02-03,Chicago Bulls,115,Sacramento Kings,123
2024-02-03,Dallas Mavericks,117,Milwaukee Bucks,129
2024-02-03,New York Knicks,105,Los Angeles Lakers,113
2024-02-03,San Antonio Spurs,101,Cleveland Cavaliers,117
2024-02-04,Detroit Pistons,99,Orlando Magic,111
2024-02-04,Washington Wizards,112,Phoenix Suns,140
2024-02-04,Boston Celtics,131,Memphis Grizzlies,91
2024-02-04,Charlotte Hornets,99,Indiana Pacers,115
2024-02-04,Miami Heat,95,Los Angeles Clippers,103
2024-02-04,Minnesota Timberwolves,111,Houston Rockets,90
2024-02-04,Oklahoma City Thunder,135,Toronto Raptors,127
2024-02-04,Utah Jazz,123,Milwaukee Bucks,108
2024-02-04,Denver Nuggets,112,Portland Trail Blazers,103
2024-02-05,Charlotte Hornets,118,Los Angeles Lakers,124
2024-02-05,Cleveland Cavaliers,136,Sacramento Kings,110
2024-02-05,Philadelphia 76ers,102,Dallas Mavericks,118
2024-02-05,Atlanta Hawks,144,Los Angeles Clippers,149
2024-02-05,Brooklyn Nets,98,Golden State Warriors,109
2024-02-05,New Orleans Pelicans,138,Toronto Raptors,100
2024-02-06,Indiana Pacers,132,Houston Rockets,129
2024-02-06,Brooklyn Nets,107,Dallas Mavericks,119
2024-02-06,Miami Heat,121,Orlando Magic,95
2024-02-06,New York Knicks,123,Memphis Grizzlies,113
2024-02-06,Chicago Bulls,129,Minnesota Timberwolves,123
2024-02-06,Utah Jazz,124,Oklahoma City Thunder,117
2024-02-06,Phoenix Suns,114,Milwaukee Bucks,106
2024-02-07,Charlotte Hornets,117,Toronto Raptors,123
2024-02-07,Washington Wizards,106,Cleveland Cavaliers,114
2024-02-07,Boston Celtics,125,Atlanta Hawks,117
2024-02-07,Miami Heat,116,San Antonio Spurs,104
2024-02-07,Philadelphia 76ers,104,Golden State Warriors,127
2024-02-07,Los Angeles Clippers,106,New Orleans Pelicans,117
2024-02-07,Sacramento Kings,120,Detroit Pistons,133
2024-02-08,Indiana Pacers,109,Golden State Warriors,131
2024-02-08,Orlando Magic,127,San Antonio Spurs,111
2024-02-08,Brooklyn Nets,95,Cleveland Cavaliers,118
2024-02-08,New York Knicks,108,Dallas Mavericks,122
2024-02-08,Memphis Grizzlies,110,Chicago Bulls,118
2024-02-08,Milwaukee Bucks,105,Minnesota Timberwolves,129
2024-02-08,Phoenix Suns,129,Utah Jazz,115
2024-02-08,Los Angeles Lakers,106,Denver Nuggets,114
2024-02-08,Portland Trail Blazers,122,Detroit Pistons,128
2024-02-09,Philadelphia 76ers,121,Atlanta Hawks,127
2024-02-09,Boston Celtics,133,Washington Wizards,129
2024-02-09,Toronto Raptors,107,Houston Rockets,104
2024-02-09,Milwaukee Bucks,120,Charlotte Hornets,84
2024-02-09,Sacramento Kings,135,Denver Nuggets,106
2024-02-09,Los Angeles Lakers,139,New Orleans Pelicans,122
2024-02-10,Dallas Mavericks,146,Oklahoma City Thunder,111
2024-02-10,Los Angeles Clippers,112,Detroit Pistons,106
2024-02-10,Brooklyn Nets,123,San Antonio Spurs,103
2024-02-10,Charlotte Hornets,115,Memphis Grizzlies,106
2024-02-10,Orlando Magic,114,Chicago Bulls,108
2024-02-10,Washington Wizards,113,Philadelphia 76ers,119
2024-02-10,Atlanta Hawks,122,Houston Rockets,113
2024-02-10,New York Knicks,111,Indiana Pacers,125
2024-02-10,Toronto Raptors,95,Cleveland Cavaliers,119
2024-02-10,Golden State Warriors,113,Phoenix Suns,112
2024-02-10,Portland Trail Blazers,84,New Orleans Pelicans,93
2024-02-11,Miami Heat,106,Boston Celtics,110
2024-02-11,Oklahoma City Thunder,127,Sacramento Kings,113
2024-02-12,Charlotte Hornets,111,Indiana Pacers,102
2024-02-12,Cleveland Cavaliers,121,Philadelphia 76ers,123
2024-02-12,Atlanta Hawks,126,Chicago Bulls,136
2024-02-12,Toronto Raptors,99,San Antonio Spurs,122
2024-02-12,Houston Rockets,105,New York Knicks,103
2024-02-12,Memphis Grizzlies,87,New Orleans Pelicans,96
2024-02-12,Milwaukee Bucks,112,Denver Nuggets,95
2024-02-12,Dallas Mavericks,112,Washington Wizards,104
2024-02-12,Utah Jazz,107,Golden State Warriors,129
2024-02-12,Los Angeles Clippers,100,Minnesota Timberwolves,121
2024-02-13,Brooklyn Nets,110,Boston Celtics,118
2024-02-13,Orlando Magic,113,Oklahoma City Thunder,127
2024-02-13,Milwaukee Bucks,97,Miami Heat,123
2024-02-13,Phoenix Suns,130,Sacramento Kings,125
2024-02-13,Portland Trail Blazers,109,Minnesota Timberwolves,121
2024-02-13,Los Angeles Lakers,125,Detroit Pistons,111
2024-02-14,Charlotte Hornets,122,Atlanta Hawks,99
2024-02-14,Orlando Magic,118,New York Knicks,100
2024-02-14,Philadelphia 76ers,104,Miami Heat,109
2024-02-14,Boston Celtics,136,Brooklyn Nets,86
2024-02-14,Cleveland Cavaliers,108,Chicago Bulls,105
2024-02-14,Toronto Raptors,125,Indiana Pacers,127
2024-02-14,Memphis Grizzlies,121,Houston Rockets,113
2024-02-14,New Orleans Pelicans,133,Washington Wizards,126
2024-02-14,Dallas Mavericks,116,San Antonio Spurs,93
2024-02-14,Denver Nuggets,98,Sacramento Kings,102
2024-02-14,Phoenix Suns,116,Detroit Pistons,100
2024-02-14,Utah Jazz,122,Los Angeles Lakers,138
2024-02-14,Golden State Warriors,125,Los Angeles Clippers,130
2024-02-15,Memphis Grizzlies,113,Milwaukee Bucks,110
2024-02-15,Utah Jazz,137,Golden State Warriors,140
2024-02-15,Portland Trail Blazers,91,Minnesota Timberwolves,128
2024-02-22,Cleveland Cavaliers,109,Orlando Magic,116
2024-02-22,Indiana Pacers,129,Detroit Pistons,115
2024-02-22,Philadelphia 76ers,96,New York Knicks,110
2024-02-22,Toronto Raptors,121,Brooklyn Nets,93
2024-02-22,Dallas Mavericks,123,Phoenix Suns,113
2024-02-22,Chicago Bulls,112,Boston Celtics,129
2024-02-22,New Orleans Pelicans,127,Houston Rockets,105
2024-02-22,Oklahoma City Thunder,129,Los Angeles Clippers,107
2024-02-22,Denver Nuggets,130,Washington Wizards,110
2024-02-22,Utah Jazz,107,Charlotte Hornets,115
2024-02-22,Golden State Warriors,128,Los Angeles Lakers,110
2024-02-22,Sacramento Kings,127,San Antonio Spurs,122
2024-02-23,Atlanta Hawks,121,Toronto Raptors,123
2024-02-23,Philadelphia 76ers,104,Cleveland Cavaliers,97
2024-02-23,Houston Rockets,114,Phoenix Suns,110
2024-02-23,Memphis Grizzlies,95,Los Angeles Clippers,101
2024-02-23,New Orleans Pelicans,95,Miami Heat,106
2024-02-23,Oklahoma City Thunder,147,Washington Wizards,106
2024-02-23,Golden State Warriors,97,Charlotte Hornets,84
2024-02-23,Minnesota Timberwolves,107,Milwaukee Bucks,112
2024-02-23,Portland Trail Blazers,112,Denver Nuggets,127
2024-02-23,Los Angeles Lakers,123,San Antonio Spurs,118
2024-02-24,Detroit Pistons,109,Orlando Magic,112
2024-02-24,New York Knicks,102,Boston Celtics,116
2024-02-24,Minnesota Timberwolves,101,Brooklyn Nets,86
2024-02-25,Philadelphia 76ers,98,Milwaukee Bucks,119
2024-02-25,Phoenix Suns,123,Los Angeles Lakers,113
2024-02-25,Indiana Pacers,133,Dallas Mavericks,111
2024-02-25,Washington Wizards,105,Cleveland Cavaliers,114
2024-02-25,Atlanta Hawks,109,Orlando Magic,92
2024-02-25,Golden State Warriors,103,Denver Nuggets,119
2024-02-25,Houston Rockets,110,Oklahoma City Thunder,123
2024-02-25,New Orleans Pelicans,106,Chicago Bulls,114
2024-02-25,Utah Jazz,128,San Antonio Spurs,109
2024-02-25,Portland Trail Blazers,80,Charlotte Hornets,93
2024-02-25,Los Angeles Clippers,107,Sacramento Kings,123
2024-02-26,Indiana Pacers,122,Toronto Raptors,130
2024-02-26,New York Knicks,113,Detroit Pistons,111
2024-02-26,Memphis Grizzlies,86,Brooklyn Nets,111
2024-02-26,Sacramento Kings,110,Miami Heat,121
2024-02-27,Cleveland Cavaliers,121,Dallas Mavericks,119
2024-02-27,Orlando Magic,108,Brooklyn Nets,81
2024-02-27,Washington Wizards,112,Golden State Warriors,123
2024-02-27,Atlanta Hawks,124,Utah Jazz,97
2024-02-27,Boston Celtics,117,Philadelphia 76ers,99
2024-02-27,New York Knicks,92,New Orleans Pelicans,115
2024-02-27,Chicago Bulls,95,Detroit Pistons,105
2024-02-27,Milwaukee Bucks,123,Charlotte Hornets,85
2024-02-27,Minnesota Timberwolves,114,San Antonio Spurs,105
2024-02-27,Oklahoma City Thunder,112,Houston Rockets,95
2024-02-27,Portland Trail Blazers,96,Miami Heat,106
2024-02-28,Indiana Pacers,123,New Orleans Pelicans,114
2024-02-28,Toronto Raptors,125,Dallas Mavericks,136
2024-02-28,Chicago Bulls,132,Cleveland Cavaliers,123
2024-02-28,Minnesota Timberwolves,110,Memphis Grizzlies,101
2024-02-28,Denver Nuggets,117,Sacramento Kings,96
2024-02-28,Los Angeles Clippers,112,Los Angeles Lakers,116
2024-02-29,Charlotte Hornets,99,Milwaukee Bucks,111
2024-02-29,Orlando Magic,115,Utah Jazz,107
2024-02-29,Brooklyn Nets,124,Atlanta Hawks,97
2024-02-29,New York Knicks,99,Golden State Warriors,110
2024-02-29,San Antonio Spurs,132,Oklahoma City Thunder,118
2024-02-29,Phoenix Suns,110,Houston Rockets,105
2024-02-29,Denver Nuggets,103,Miami Heat,97
2024-02-29,Los Angeles Lakers,134,Washington Wizards,131
2024-03-01,Detroit Pistons,100,Cleveland Cavaliers,110
2024-03-01,Philadelphia 76ers,121,Charlotte Hornets,114
2024-03-01,Boston Celtics,138,Dallas Mavericks,110
2024-03-01,Toronto Raptors,105,Golden State Warriors,120
2024-03-01,Memphis Grizzlies,92,Portland Trail Blazers,122
2024-03-01,Minnesota Timberwolves,120,Sacramento Kings,124
2024-03-01,New Orleans Pelicans,129,Indiana Pacers,102
2024-03-01,Chicago Bulls,97,Milwaukee Bucks,113
2024-03-01,Los Angeles Clippers,140,Washington Wizards,115
2024-03-02,Brooklyn Nets,114,Atlanta Hawks,102
2024-03-02,Miami Heat,126,Utah Jazz,120
2024-03-02,Memphis Grizzlies,100,Portland Trail Blazers,107
2024-03-02,Los Angeles Lakers,114,Denver Nuggets,124
2024-03-02,Phoenix Suns,109,Houston Rockets,118
2024-03-03,Dallas Mavericks,116,Philadelphia 76ers,120
2024-03-03,Boston Celtics,140,Golden State Warriors,88
2024-03-03,Minnesota Timberwolves,88,Los Angeles Clippers,89
2024-03-03,Orlando Magic,113,Detroit Pistons,91
2024-03-03,Toronto Raptors,111,Charlotte Hornets,106
2024-03-03,Cleveland Cavaliers,98,New York Knicks,107
2024-03-03,San Antonio Spurs,117,Indiana Pacers,105
2024-03-03,Phoenix Suns,110,Oklahoma City Thunder,118
2024-03-04,Brooklyn Nets,102,Memphis Grizzlies,106
2024-03-04,Milwaukee Bucks,113,Los Angeles Clippers,106
2024-03-04,Minnesota Timberwolves,119,Portland Trail Blazers,114
2024-03-04,Utah Jazz,127,Washington Wizards,115
2024-03-04,Sacramento Kings,109,Chicago Bulls,113
2024-03-04,Los Angeles Lakers,116,Oklahoma City Thunder,104
2024-03-05,Charlotte Hornets,89,Orlando Magic,101
2024-03-05,Brooklyn Nets,112,Philadelphia 76ers,107
2024-03-05,Cleveland Cavaliers,105,Boston Celtics,104
2024-03-05,Miami Heat,118,Detroit Pistons,110
2024-03-05,New York Knicks,100,Atlanta Hawks,116
2024-03-05,Toronto Raptors,98,New Orleans Pelicans,139
2024-03-05,Houston Rockets,114,San Antonio Spurs,101
2024-03-05,Dallas Mavericks,120,Indiana Pacers,137
2024-03-05,Denver Nuggets,107,Phoenix Suns,117
2024-03-06,Washington Wizards,109,Orlando Magic,119
2024-03-06,Atlanta Hawks,112,Cleveland Cavaliers,101
2024-03-06,Houston Rockets,116,Los Angeles Clippers,122
2024-03-06,Philadelphia 76ers,109,Memphis Grizzlies,115
2024-03-06,Utah Jazz,117,Chicago Bulls,119
2024-03-06,Golden State Warriors,125,Milwaukee Bucks,90
2024-03-06,Portland Trail Blazers,120,Oklahoma City Thunder,128
2024-03-06,Los Angeles Lakers,120,Sacramento Kings,130
2024-03-07,Detroit Pistons,118,Brooklyn Nets,112
2024-03-07,Indiana Pacers,111,Minnesota Timberwolves,113
2024-03-07,Dallas Mavericks,114,Miami Heat,108
2024-03-07,Phoenix Suns,120,Toronto Raptors,113
2024-03-07,Denver Nuggets,115,Boston Celtics,109
2024-03-07,Golden State Warriors,122,Chicago Bulls,125
2024-03-07,Sacramento Kings,131,San Antonio Spurs,129
2024-03-08,Philadelphia 76ers,95,New Orleans Pelicans,103
2024-03-08,Washington Wizards,112,Charlotte Hornets,100
2024-03-08,Cleveland Cavaliers,113,Minnesota Timberwolves,104
2024-03-08,New York Knicks,98,Orlando Magic,74
2024-03-08,Memphis Grizzlies,92,Atlanta Hawks,99
2024-03-08,Oklahoma City Thunder,107,Miami Heat,100
2024-03-08,Los Angeles Lakers,123,Milwaukee Bucks,122
2024-03-08,Portland Trail Blazers,107,Houston Rockets,123
2024-03-09,Los Angeles Clippers,112,Chicago Bulls,102
2024-03-09,Charlotte Hornets,110,Brooklyn Nets,99
2024-03-09,Detroit Pistons,124,Dallas Mavericks,142
2024-03-09,Golden State Warriors,113,San Antonio Spurs,126
2024-03-09,Phoenix Suns,107,Boston Celtics,117
2024-03-09,Denver Nuggets,142,Utah Jazz,121
2024-03-09,Portland Trail Blazers,128,Toronto Raptors,118
2024-03-10,Los Angeles Clippers,117,Milwaukee Bucks,124
2024-03-10,Atlanta Hawks,103,New Orleans Pelicans,116
2024-03-10,Miami Heat,108,Washington Wizards,110
2024-03-10,Orlando Magic,97,Indiana Pacers,111
2024-03-10,Sacramento Kings,104,Houston Rockets,112
2024-03-10,Cleveland Cavaliers,101,Brooklyn Nets,120
2024-03-10,New York Knicks,73,Philadelphia 76ers,79
2024-03-10,Oklahoma City Thunder,124,Memphis Grizzlies,93
2024-03-10,Los Angeles Lakers,120,Minnesota Timberwolves,109
2024-03-11,Detroit Pistons,114,Charlotte Hornets,97
2024-03-11,Cleveland Cavaliers,111,Phoenix Suns,117
2024-03-11,Chicago Bulls,92,Dallas Mavericks,127
2024-03-11,San Antonio Spurs,102,Golden State Warriors,112
2024-03-11,Denver Nuggets,125,Toronto Raptors,119
2024-03-11,Portland Trail Blazers,99,Boston Celtics,121
2024-03-12,New York Knicks,106,Philadelphia 76ers,79
2024-03-12,Memphis Grizzlies,109,Washington Wizards,97
2024-03-12,Oklahoma City Thunder,111,Indiana Pacers,121
2024-03-12,San Antonio Spurs,101,Houston Rockets,103
2024-03-12,Utah Jazz,107,Boston Celtics,123
2024-03-12,Los Angeles Clippers,100,Minnesota Timberwolves,118
2024-03-12,Sacramento Kings,129,Milwaukee Bucks,94
2024-03-13,Detroit Pistons,113,Toronto Raptors,104
2024-03-13,Orlando Magic,114,Brooklyn Nets,106
2024-03-13,Indiana Pacers,129,Chicago Bulls,132
2024-03-13,Miami Heat,88,Denver Nuggets,100
2024-03-13,Memphis Grizzlies,98,Charlotte Hornets,110
2024-03-13,New Orleans Pelicans,95,Cleveland Cavaliers,116
2024-03-13,Dallas Mavericks,109,Golden State Warriors,99
2024-03-13,Portland Trail Blazers,106,Atlanta Hawks,102
2024-03-13,Sacramento Kings,120,Los Angeles Lakers,107
2024-03-14,Boston Celtics,127,Phoenix Suns,112
2024-03-14,Chicago Bulls,111,Los Angeles Clippers,126
2024-03-14,Houston Rockets,135,Washington Wizards,119
2024-03-14,Milwaukee Bucks,114,Philadelphia 76ers,105
2024-03-14,Oklahoma City Thunder,126,Dallas Mavericks,119
2024-03-14,Portland Trail Blazers,93,New York Knicks,105
2024-03-15,Charlotte Hornets,96,Phoenix Suns,107
2024-03-15,Detroit Pistons,95,Miami Heat,108
2024-03-15,Toronto Raptors,103,Orlando Magic,113
2024-03-15,New Orleans Pelicans,112,Los Angeles Clippers,104
2024-03-15,San Antonio Spurs,106,Denver Nuggets,117
2024-03-15,Utah Jazz,124,Atlanta Hawks,122
2024-03-16,Houston Rockets,117,Cleveland Cavaliers,103
2024-03-16,Indiana Pacers,121,Brooklyn Nets,100
2024-03-16,New Orleans Pelicans,126,Portland Trail Blazers,107
2024-03-16,Philadelphia 76ers,109,Charlotte Hornets,98
2024-03-16,Chicago Bulls,127,Washington Wizards,98
2024-03-16,Memphis Grizzlies,112,Oklahoma City Thunder,118
2024-03-16,Los Angeles Lakers,121,Golden State Warriors,128
2024-03-16,Utah Jazz,100,Minnesota Timberwolves,119
2024-03-16,Sacramento Kings,91,New York Knicks,98
2024-03-17,Milwaukee Bucks,140,Phoenix Suns,129
2024-03-17,Detroit Pistons,101,Miami Heat,104
2024-03-17,Dallas Mavericks,107,Denver Nuggets,105
2024-03-17,Orlando Magic,111,Toronto Raptors,96
2024-03-17,Washington Wizards,104,Boston Celtics,130
2024-03-17,San Antonio Spurs,122,Brooklyn Nets,115
2024-03-17,Los Angeles Clippers,93,Atlanta Hawks,110
2024-03-18,Indiana Pacers,103,Cleveland Cavaliers,108
2024-03-18,Boston Celtics,119,Detroit Pistons,94
2024-03-18,Philadelphia 76ers,98,Miami Heat,91
2024-03-18,Chicago Bulls,110,Portland Trail Blazers,107
2024-03-18,Utah Jazz,104,Minnesota Timberwolves,114
2024-03-18,Golden State Warriors,112,New York Knicks,119
2024-03-18,Sacramento Kings,121,Memphis Grizzlies,111
2024-03-18,Los Angeles Lakers,136,Atlanta Hawks,105
2024-03-19,Orlando Magic,112,Charlotte Hornets,92
2024-03-19,Washington Wizards,114,Houston Rockets,137
2024-03-19,Brooklyn Nets,91,New Orleans Pelicans,104
2024-03-19,San Antonio Spurs,107,Dallas Mavericks,113
2024-03-19,Minnesota Timberwolves,112,Denver Nuggets,115
2024-03-20,Cleveland Cavaliers,104,Miami Heat,107
2024-03-20,Detroit Pistons,103,Indiana Pacers,122
2024-03-20,Boston Celtics,122,Milwaukee Bucks,119
2024-03-20,Toronto Raptors,89,Sacramento Kings,123
2024-03-20,Oklahoma City Thunder,119,Utah Jazz,107
2024-03-20,Golden State Warriors,137,Memphis Grizzlies,116
2024-03-20,Phoenix Suns,115,Philadelphia 76ers,102
2024-03-20,Portland Trail Blazers,103,Los Angeles Clippers,116
2024-03-21,Orlando Magic,121,New Orleans Pelicans,106
2024-03-21,Washington Wizards,109,Sacramento Kings,102
2024-03-21,Houston Rockets,127,Chicago Bulls,117
2024-03-21,Milwaukee Bucks,115,Brooklyn Nets,108
2024-03-21,Dallas Mavericks,113,Utah Jazz,97
2024-03-21,Denver Nuggets,113,New York Knicks,100
2024-03-21,Phoenix Suns,128,Atlanta Hawks,115
2024-03-22,Detroit Pistons,102,Boston Celtics,129
2024-03-22,Toronto Raptors,103,Oklahoma City Thunder,123
2024-03-22,Miami Heat,88,New Orleans Pelicans,111
2024-03-22,Minnesota Timberwolves,104,Cleveland Cavaliers,91
2024-03-22,San Antonio Spurs,97,Memphis Grizzlies,99
2024-03-22,Golden State Warriors,111,Indiana Pacers,123
2024-03-22,Portland Trail Blazers,117,Los Angeles Clippers,125
2024-03-22,Los Angeles Lakers,101,Philadelphia 76ers,94
2024-03-23,New York Knicks,105,Brooklyn Nets,93
2024-03-23,Orlando Magic,107,Sacramento Kings,109
2024-03-23,Atlanta Hawks,132,Charlotte Hornets,91
2024-03-23,Chicago Bulls,113,Boston Celtics,124
2024-03-23,Houston Rockets,147,Utah Jazz,119
2024-03-23,San Antonio Spurs,106,Phoenix Suns,131
2024-03-23,Washington Wizards,112,Toronto Raptors,109
2024-03-23,Portland Trail Blazers,111,Denver Nuggets,114
2024-03-24,Detroit Pistons,101,New Orleans Pelicans,114
2024-03-24,Los Angeles Clippers,107,Philadelphia 76ers,121
2024-03-24,Miami Heat,121,Cleveland Cavaliers,84
2024-03-24,Milwaukee Bucks,118,Oklahoma City Thunder,93
2024-03-24,Minnesota Timberwolves,114,Golden State Warriors,110
2024-03-24,Los Angeles Lakers,150,Indiana Pacers,145
2024-03-25,Cleveland Cavaliers,115,Charlotte Hornets,92
2024-03-25,Atlanta Hawks,120,Boston Celtics,118
2024-03-25,New York Knicks,124,Detroit Pistons,99
2024-03-25,Toronto Raptors,88,Brooklyn Nets,96
2024-03-25,Chicago Bulls,105,Washington Wizards,107
2024-03-25,Houston Rockets,110,Portland Trail Blazers,92
2024-03-25,San Antonio Spurs,104,Phoenix Suns,102
2024-03-25,Denver Nuggets,128,Memphis Grizzlies,103
2024-03-25,Utah Jazz,105,Dallas Mavericks,115
2024-03-25,Sacramento Kings,108,Philadelphia 76ers,96
2024-03-25,Los Angeles Clippers,116,Indiana Pacers,133
2024-03-26,Miami Heat,92,Golden State Warriors,113
2024-03-26,Milwaukee Bucks,124,Los Angeles Lakers,128
2024-03-26,New Orleans Pelicans,112,Oklahoma City Thunder,119
2024-03-26,Sacramento Kings,96,Dallas Mavericks,132
2024-03-27,Charlotte Hornets,118,Cleveland Cavaliers,111
2024-03-27,Orlando Magic,93,Golden State Warriors,101
2024-03-27,Washington Wizards,119,Brooklyn Nets,122
2024-03-27,Atlanta Hawks,120,Portland Trail Blazers,106
2024-03-27,Philadelphia 76ers,107,Los Angeles Clippers,108
2024-03-27,Toronto Raptors,101,New York Knicks,145
2024-03-27,Chicago Bulls,125,Indiana Pacers,99
2024-03-27,Memphis Grizzlies,124,Los Angeles Lakers,136
2024-03-27,Minnesota Timberwolves,106,Detroit Pistons,91
2024-03-27,Oklahoma City Thunder,126,Houston Rockets,132
2024-03-27,Utah Jazz,111,San Antonio Spurs,118
2024-03-27,Denver Nuggets,97,Phoenix Suns,104
2024-03-28,Atlanta Hawks,123,Boston Celtics,122
2024-03-28,New Orleans Pelicans,107,Milwaukee Bucks,100
2024-03-29,Charlotte Hornets,97,Golden State Warriors,115
2024-03-29,Indiana Pacers,109,Los Angeles Lakers,90
2024-03-29,Orlando Magic,97,Los Angeles Clippers,100
2024-03-29,Washington Wizards,87,Detroit Pistons,96
2024-03-29,Brooklyn Nets,125,Chicago Bulls,108
2024-03-29,Cleveland Cavaliers,117,Philadelphia 76ers,114
2024-03-29,Miami Heat,142,Portland Trail Blazers,82
2024-03-29,Oklahoma City Thunder,128,Phoenix Suns,103
2024-03-29,San Antonio Spurs,130,New York Knicks,126
2024-03-29,Denver Nuggets,98,Minnesota Timberwolves,111
2024-03-29,Utah Jazz,100,Houston Rockets,101
2024-03-29,Sacramento Kings,103,Dallas Mavericks,107
2024-03-30,New Orleans Pelicans,92,Boston Celtics,104
2024-03-30,Orlando Magic,118,Memphis Grizzlies,88
2024-03-30,Atlanta Hawks,113,Milwaukee Bucks,122
2024-03-31,Denver Nuggets,130,Cleveland Cavaliers,101
2024-03-31,Brooklyn Nets,104,Los Angeles Lakers,116
2024-03-31,Charlotte Hornets,118,Los Angeles Clippers,130
2024-03-31,Toronto Raptors,120,Philadelphia 76ers,135
2024-03-31,Washington Wizards,107,Miami Heat,119
2024-03-31,Houston Rockets,107,Dallas Mavericks,125
2024-03-31,Minnesota Timberwolves,101,Chicago Bulls,109
2024-03-31,New York Knicks,112,Oklahoma City Thunder,113
2024-03-31,San Antonio Spurs,113,Golden State Warriors,117
2024-03-31,Sacramento Kings,127,Utah Jazz,106
2024-04-01,Charlotte Hornets,104,Boston Celtics,118
2024-04-01,Detroit Pistons,108,Memphis Grizzlies,110
2024-04-01,Indiana Pacers,133,Brooklyn Nets,111
2024-04-01,Orlando Magic,104,Portland Trail Blazers,103
2024-04-01,Chicago Bulls,101,Atlanta Hawks,113
2024-04-01,New Orleans Pelicans,111,Phoenix Suns,124
2024-04-02,Toronto Raptors,111,Los Angeles Lakers,128
2024-04-02,Washington Wizards,117,Milwaukee Bucks,113
2024-04-02,Miami Heat,109,New York Knicks,99
2024-04-02,Philadelphia 76ers,109,Oklahoma City Thunder,105
2024-04-02,Minnesota Timberwolves,113,Houston Rockets,106
2024-04-02,Denver Nuggets,110,San Antonio Spurs,105
2024-04-02,Utah Jazz,113,Cleveland Cavaliers,129
2024-04-02,Golden State Warriors,104,Dallas Mavericks,100
2024-04-02,Sacramento Kings,109,Los Angeles Clippers,95
2024-04-03,Charlotte Hornets,86,Portland Trail Blazers,89
2024-04-03,Washington Wizards,120,Los Angeles Lakers,125
2024-04-03,Atlanta Hawks,121,Detroit Pistons,113
2024-04-03,Boston Celtics,135,Oklahoma City Thunder,100
2024-04-03,Brooklyn Nets,115,Indiana Pacers,111
2024-04-03,Milwaukee Bucks,101,Memphis Grizzlies,111
2024-04-03,Minnesota Timberwolves,133,Toronto Raptors,85
2024-04-03,New Orleans Pelicans,108,Orlando Magic,117
2024-04-03,Phoenix Suns,122,Cleveland Cavaliers,101
2024-04-04,Dallas Mavericks,109,Atlanta Hawks,95
2024-04-04,Miami Heat,105,Philadelphia 76ers,109
2024-04-04,New York Knicks,120,Sacramento Kings,109
2024-04-04,Houston Rockets,110,Golden State Warriors,133
2024-04-04,Los Angeles Clippers,102,Denver Nuggets,100
2024-04-05,Charlotte Hornets,124,Orlando Magic,115
2024-04-05,Indiana Pacers,126,Oklahoma City Thunder,112
2024-04-05,Washington Wizards,102,Portland Trail Blazers,108
2024-04-05,Boston Celtics,101,Sacramento Kings,100
2024-04-05,Chicago Bulls,108,New York Knicks,100
2024-04-05,Houston Rockets,104,Miami Heat,119
2024-04-05,Memphis Grizzlies,108,Detroit Pistons,90
2024-04-05,Milwaukee Bucks,111,Toronto Raptors,117
2024-04-05,New Orleans Pelicans,109,San Antonio Spurs,111
2024-04-05,Dallas Mavericks,108,Golden State Warriors,106
2024-04-05,Phoenix Suns,97,Minnesota Timberwolves,87
2024-04-05,Los Angeles Clippers,131,Utah Jazz,102
2024-04-06,Los Angeles Lakers,116,Cleveland Cavaliers,97
2024-04-06,Brooklyn Nets,113,Detroit Pistons,103
2024-04-06,Memphis Grizzlies,96,Philadelphia 76ers,116
2024-04-06,Denver Nuggets,142,Atlanta Hawks,110
2024-04-07,Dallas Mavericks,147,Houston Rockets,136
2024-04-07,Los Angeles Clippers,120,Cleveland Cavaliers,118
2024-04-07,Indiana Pacers,117,Miami Heat,115
2024-04-07,Boston Celtics,124,Portland Trail Blazers,107
2024-04-07,Charlotte Hornets,118,Oklahoma City Thunder,121
2024-04-07,Orlando Magic,113,Chicago Bulls,98
2024-04-07,Phoenix Suns,105,New Orleans Pelicans,113
2024-04-07,Toronto Raptors,130,Washington Wizards,122
2024-04-07,Milwaukee Bucks,109,New York Knicks,122
2024-04-07,San Antonio Spurs,126,Philadelphia 76ers,133
2024-04-07,Brooklyn Nets,77,Sacramento Kings,107
2024-04-07,Golden State Warriors,118,Utah Jazz,110
2024-04-07,Los Angeles Lakers,117,Minnesota Timberwolves,127
2024-04-09,Charlotte Hornets,104,Dallas Mavericks,130
2024-04-09,Philadelphia 76ers,120,Detroit Pistons,102
2024-04-09,Toronto Raptors,123,Indiana Pacers,140
2024-04-09,Atlanta Hawks,111,Miami Heat,117
2024-04-09,Milwaukee Bucks,104,Boston Celtics,91
2024-04-09,Chicago Bulls,117,New York Knicks,128
2024-04-09,Houston Rockets,118,Orlando Magic,106
2024-04-09,Memphis Grizzlies,87,San Antonio Spurs,102
2024-04-09,Minnesota Timberwolves,130,Washington Wizards,121
2024-04-09,Oklahoma City Thunder,112,Sacramento Kings,105
2024-04-09,Utah Jazz,95,Denver Nuggets,111
2024-04-09,Los Angeles Lakers,120,Golden State Warriors,134
2024-04-09,Phoenix Suns,92,Los Angeles Clippers,105
2024-04-09,Portland Trail Blazers,100,New Orleans Pelicans,110
2024-04-10,Cleveland Cavaliers,110,Memphis Grizzlies,98
2024-04-10,Atlanta Hawks,114,Charlotte Hornets,115
2024-04-10,Brooklyn Nets,106,Toronto Raptors,102
2024-04-10,Miami Heat,92,Dallas Mavericks,111
2024-04-10,Milwaukee Bucks,117,Orlando Magic,99
2024-04-10,Oklahoma City Thunder,127,San Antonio Spurs,89
2024-04-10,Denver Nuggets,116,Minnesota Timberwolves,107
2024-04-10,Los Angeles Clippers,108,Phoenix Suns,124
2024-04-11,Detroit Pistons,105,Chicago Bulls,127
2024-04-11,Boston Celtics,109,New York Knicks,118
2024-04-11,Utah Jazz,124,Houston Rockets,121
2024-04-11,Portland Trail Blazers,92,Golden State Warriors,100
2024-04-11,Sacramento Kings,123,New Orleans Pelicans,135
2024-04-12,Philadelphia 76ers,125,Orlando Magic,113
2024-04-12,Washington Wizards,127,Chicago Bulls,129
2024-04-12,Boston Celtics,131,Charlotte Hornets,98
2024-04-12,Cleveland Cavaliers,129,Indiana Pacers,120
2024-04-12,New York Knicks,111,Brooklyn Nets,107
2024-04-12,Memphis Grizzlies,120,Los Angeles Lakers,123
2024-04-12,Miami Heat,125,Toronto Raptors,103
2024-04-12,Minnesota Timberwolves,109,Atlanta Hawks,106
2024-04-12,Oklahoma City Thunder,125,Milwaukee Bucks,107
2024-04-12,San Antonio Spurs,121,Denver Nuggets,120
2024-04-12,Dallas Mavericks,89,Detroit Pistons,107
2024-04-12,Golden State Warriors,109,New Orleans Pelicans,114
2024-04-12,Portland Trail Blazers,107,Houston Rockets,116
2024-04-12,Los Angeles Clippers,109,Utah Jazz,110
2024-04-12,Sacramento Kings,107,Phoenix Suns,108
2024-04-14,Boston Celtics,132,Washington Wizards,122
2024-04-14,Cleveland Cavaliers,110,Charlotte Hornets,120
2024-04-14,Indiana Pacers,157,Atlanta Hawks,115
2024-04-14,Miami Heat,118,Toronto Raptors,103
2024-04-14,New York Knicks,120,Chicago Bulls,119
2024-04-14,Orlando Magic,113,Milwaukee Bucks,88
2024-04-14,Philadelphia 76ers,107,Brooklyn Nets,86
2024-04-14,Golden State Warriors,123,Utah Jazz,116
2024-04-14,Los Angeles Clippers,105,Houston Rockets,116
2024-04-14,Memphis Grizzlies,111,Denver Nuggets,126
2024-04-14,Minnesota Timberwolves,106,Phoenix Suns,125
2024-04-14,New Orleans Pelicans,108,Los Angeles Lakers,124
2024-04-14,Oklahoma City Thunder,135,Dallas Mavericks,86
2024-04-14,Sacramento Kings,121,Portland Trail Blazers,82
2024-04-14,San Antonio Spurs,123,Detroit Pistons,95
2024-04-16,New Orleans Pelicans,106,Los Angeles Lakers,110
2024-04-16,Sacramento Kings,118,Golden State Warriors,94
2024-04-17,Philadelphia 76ers,105,Miami Heat,104
2024-04-17,Chicago Bulls,131,Atlanta Hawks,116
2024-04-19,Miami Heat,112,Chicago Bulls,91
2024-04-19,New Orleans Pelicans,105,Sacramento Kings,98
2024-04-20,Cleveland Cavaliers,97,Orlando Magic,83
2024-04-20,Minnesota Timberwolves,120,Phoenix Suns,95
2024-04-20,New York Knicks,111,Philadelphia 76ers,104
2024-04-20,Denver Nuggets,114,Los Angeles Lakers,103
2024-04-21,Boston Celtics,114,Miami Heat,94
2024-04-21,Los Angeles Clippers,109,Dallas Mavericks,97
2024-04-21,Milwaukee Bucks,109,Indiana Pacers,94
2024-04-21,Oklahoma City Thunder,94,New Orleans Pelicans,92
2024-04-22,Cleveland Cavaliers,96,Orlando Magic,86
2024-04-22,New York Knicks,104,Philadelphia 76ers,101
2024-04-22,Denver Nuggets,101,Los Angeles Lakers,99
2024-04-23,Minnesota Timberwolves,105,Phoenix Suns,93
2024-04-23,Milwaukee Bucks,108,Indiana Pacers,125
2024-04-23,Los Angeles Clippers,93,Dallas Mavericks,96
2024-04-24,Boston Celtics,101,Miami Heat,111
2024-04-24,Oklahoma City Thunder,124,New Orleans Pelicans,92
2024-04-25,Orlando Magic,121,Cleveland Cavaliers,83
2024-04-25,Philadelphia 76ers,125,New York Knicks,114
2024-04-25,Los Angeles Lakers,105,Denver Nuggets,112
2024-04-26,Indiana Pacers,121,Milwaukee Bucks,118
2024-04-26,Dallas Mavericks,101,Los Angeles Clippers,90
2024-04-26,Phoenix Suns,109,Minnesota Timberwolves,126
2024-04-27,Orlando Magic,112,Cleveland Cavaliers,89
2024-04-27,New Orleans Pelicans,85,Oklahoma City Thunder,106
2024-04-27,Miami Heat,84,Boston Celtics,104
2024-04-27,Los Angeles Lakers,119,Denver Nuggets,108
2024-04-28,Philadelphia 76ers,92,New York Knicks,97
2024-04-28,Dallas Mavericks,111,Los Angeles Clippers,116
2024-04-28,Indiana Pacers,126,Milwaukee Bucks,113
2024-04-28,Phoenix Suns,116,Minnesota Timberwolves,122
2024-04-29,Miami Heat,88,Boston Celtics,102
2024-04-29,New Orleans Pelicans,89,Oklahoma City Thunder,97
2024-04-29,Denver Nuggets,108,Los Angeles Lakers,106
2024-04-30,New York Knicks,106,Philadelphia 76ers,112
2024-04-30,Cleveland Cavaliers,104,Orlando Magic,103
2024-04-30,Milwaukee Bucks,115,Indiana Pacers,92
2024-05-01,Boston Celtics,118,Miami Heat,84
2024-05-01,Los Angeles Clippers,93,Dallas Mavericks,123
2024-05-02,Indiana Pacers,120,Milwaukee Bucks,98
2024-05-02,Philadelphia 76ers,115,New York Knicks,118
2024-05-03,Orlando Magic,103,Cleveland Cavaliers,96
2024-05-03,Dallas Mavericks,114,Los Angeles Clippers,101
2024-05-04,Denver Nuggets,99,Minnesota Timberwolves,106
2024-05-05,Cleveland Cavaliers,106,Orlando Magic,94
2024-05-06,New York Knicks,121,Indiana Pacers,117
2024-05-06,Denver Nuggets,80,Minnesota Timberwolves,106
2024-05-07,Boston Celtics,120,Cleveland Cavaliers,95
2024-05-07,Oklahoma City Thunder,117,Dallas Mavericks,95
2024-05-08,New York Knicks,130,Indiana Pacers,121
2024-05-09,Boston Celtics,94,Cleveland Cavaliers,118
2024-05-09,Oklahoma City Thunder,110,Dallas Mavericks,119
2024-05-10,Indiana Pacers,111,New York Knicks,106
2024-05-10,Minnesota Timberwolves,90,Denver Nuggets,117
2024-05-11,Dallas Mavericks,105,Oklahoma City Thunder,101
2024-05-11,Cleveland Cavaliers,93,Boston Celtics,106
2024-05-12,Indiana Pacers,121,New York Knicks,89
2024-05-12,Minnesota Timberwolves,107,Denver Nuggets,115
2024-05-13,Cleveland Cavaliers,102,Boston Celtics,109
2024-05-13,Dallas Mavericks,96,Oklahoma City Thunder,100
2024-05-14,New York Knicks,121,Indiana Pacers,91
2024-05-14,Denver Nuggets,112,Minnesota Timberwolves,97
2024-05-15,Boston Celtics,113,Cleveland Cavaliers,98
2024-05-15,Oklahoma City Thunder,92,Dallas Mavericks,104
2024-05-16,Minnesota Timberwolves,115,Denver Nuggets,70
2024-05-17,Indiana Pacers,116,New York Knicks,103
2024-05-18,Dallas Mavericks,117,Oklahoma City Thunder,116
2024-05-19,New York Knicks,109,Indiana Pacers,130
2024-05-19,Denver Nuggets,90,Minnesota Timberwolves,98
2024-05-21,Boston Celtics,133,Indiana Pacers,128
2024-05-22,Minnesota Timberwolves,105,Dallas Mavericks,108
2024-05-23,Boston Celtics,126,Indiana Pacers,110
2024-05-24,Minnesota Timberwolves,108,Dallas Mavericks,109
2024-05-25,Indiana Pacers,111,Boston Celtics,114
2024-05-26,Dallas Mavericks,116,Minnesota Timberwolves,107
2024-05-27,Indiana Pacers,102,Boston Celtics,105
2024-05-28,Dallas Mavericks,100,Minnesota Timberwolves,105
2024-05-30,Minnesota Timberwolves,103,Dallas Mavericks,124
2024-06-06,Boston Celtics,107,Dallas Mavericks,89
2024-06-09,Boston Celtics,105,Dallas Mavericks,98
2024-06-12,Dallas Mavericks,99,Boston Celtics,106
2024-06-14,Dallas Mavericks,122,Boston Celtics,84
2024-06-17,Boston Celtics,106,Dallas Mavericks,88
